net_ef,net_ef_conf,success,success_conf,fail_no_path,fail_no_path_conf,fail_no_balance,fail_no_balance_conf,time,time_conf,attempts,attempts_conf,rout_length,rout_length_conf
0.5715645861321738,0.03910618483290931,0.9896841636,0.0,0.0059756139,0.0,0.0043402225,0.0,631.0515879743,0.0,1.0068600375,0.0,3.1636672680,0.0
0.5639011706965759,0.040171658909222,0.9644050157,0.0,0.0312547618,0.0,0.0043402225,0.0,633.2972480547,0.0,1.0050906844,0.0,3.1760019206,0.0
0.5340803366616811,0.040180172349140765,0.9363925478,0.0,0.0598750146,0.0,0.0037324377,0.0,634.6302603653,0.0,1.0038810189,0.0,3.1834180782,0.0
0.519266119084627,0.04047761040274401,0.9059692935,0.0,0.0905147191,0.0,0.0035159875,0.0,635.7525256484,0.0,1.0040958923,0.0,3.1896292190,0.0
0.502294161211525,0.04091720178156839,0.8763082598,0.0,0.1201757527,0.0,0.0035159875,0.0,638.5782722413,0.0,1.0048963706,0.0,3.2016383724,0.0
