net_ef,net_ef_conf,success,success_conf,fail_no_path,fail_no_path_conf,fail_no_balance,fail_no_balance_conf,time,time_conf,attempts,attempts_conf,rout_length,rout_length_conf
0.49077712147517083,0.08005947399522596,0.9894833604,0.0,0.0059756139,0.0,0.0045410257,0.0,630.8733717022,0.0,1.0035767256,0.0,3.1653928310,0.0
0.3580602784460307,0.07754946882504578,0.7330144840,0.0,0.2644973170,0.0,0.0024881990,0.0,656.1699249232,0.0,1.0062996571,0.0,3.2883566016,0.0
0.21638309254228716,0.06972677701421033,0.3898911623,0.0,0.6090673075,0.0,0.0010415302,0.0,719.8737573023,0.0,1.0054554670,0.0,3.6092018459,0.0
